{
    "name"   : "sensor_driver",
    "instructions" : [
        {
            "operation" : "io",
            "cycles"    : null,
            "memory"    : 20
        },
        {
            "operation" : "calculate",
            "cycles"    : 10,
            "memory"    : 5
        },
        {
            "operation" : "io",
            "cycles"    : null,
            "memory"    : 2
        },
        {
            "operation" : "acquire",
            "monitor"   : "b",
            "memory"    : 1
        },
        {
            "operation" : "calculate",
            "cycles"    : 10,
            "memory"    : 5
        },
        {
            "operation" : "release",
            "monitor"   : "b",
            "memory"    : 1
        },
        {
            "operation" : "io",
            "cycles"    : null,
            "memory"    : 2
        },
        {
            "operation" : "calculate",
            "cycles"    : 20,
            "memory"    : 5
        },
        {
            "operation" : "exe",
            "memory"    : 1
        }
    ]
}