{
    "name"   : "text_adventure",
    "instructions" : [
        {
            "operation" : "calculate",
            "cycles"    : 5,
            "memory"    : 4
        },
        {
            "operation" : "io",
            "cycles"    : 10,
            "memory"    : 8
        },
        {
            "operation" : "acquire",
            "monitor"   : "a",
            "memory"    : 1
        },
        {
            "operation" : "calculate",
            "cycles"    : null,
            "memory"    : 4
        },
        {
            "operation" : "release",
            "monitor"   : "a",
            "memory"    : 1
        },
        {
            "operation" : "io",
            "cycles"    : 5,
            "memory"    : 15
        },
        {
            "operation" : "calculate",
            "cycles"    : null,
            "memory"    : 5
        },
        {
            "operation" : "io",
            "cycles"    : 5,
            "memory"    : 6
        },
        {
            "operation" : "exe",
            "memory"    : 1
        }
    ]
}