{
    "name"   : "image_editor",
    "memory" : 45,
    "instructions" : [
        {
            "operation" : "calculate",
            "cycles"    : 20
        },
        {
            "operation" : "calculate",
            "cycles"    : 10
        },
        {
            "operation" : "io",
            "cycles"    : 15
        },
        {
            "operation" : "calculate",
            "cycles"    : null
        },
        {
            "operation" : "calculate",
            "cycles"    : null
        },
        {
            "operation" : "io",
            "cycles"    : 15
        },
        {
            "operation" : "exe"
        }
    ]
}