{
    "name"   : "sensor_driver",
    "memory" : 15,
    "instructions" : [
        {
            "operation" : "io",
            "cycles"    : null
        },
        {
            "operation" : "calculate",
            "cycles"    : 10
        },
        {
            "operation" : "io",
            "cycles"    : null
        },
        {
            "operation" : "calculate",
            "cycles"    : 10
        },
        {
            "operation" : "io",
            "cycles"    : null
        },
        {
            "operation" : "calculate",
            "cycles"    : 20
        },
        {
            "operation" : "exe"
        }
    ]
}