{
    "name"   : "text_adventure",
    "memory" : 20,
    "instructions" : [
        {
            "operation" : "calculate",
            "cycles"    : 5
        },
        {
            "operation" : "io",
            "cycles"    : 10
        },
        {
            "operation" : "calculate",
            "cycles"    : null
        },
        {
            "operation" : "io",
            "cycles"    : 5
        },
        {
            "operation" : "calculate",
            "cycles"    : null
        },
        {
            "operation" : "io",
            "cycles"    : 5
        },
        {
            "operation" : "exe"
        }
    ]
}