{
    "name"   : "text_processor",
    "memory" : 45,
    "instructions" : [
        {
            "operation" : "calculate",
            "cycles"    : 5
        },
        {
            "operation" : "calculate",
            "cycles"    : 10
        },
        {
            "operation" : "io",
            "cycles"    : 5
        },
        {
            "operation" : "calculate",
            "cycles"    : 5
        },
        {
            "operation" : "io",
            "cycles"    : 10
        },
        {
            "operation" : "calculate",
            "cycles"    : 10
        },
        {
            "operation" : "calculate",
            "cycles"    : 10
        },
        {
            "operation" : "io",
            "cycles"    : 15
        },
        {
            "operation" : "exe"
        }
    ]
}